,POS,Player,Mat,Inns,Ov,Runs,Wkts,BBI,Avg,Econ,SR,4w,5w
0,1,bhuvneshwar kumar,17,17,66.0,490,23,5/19,21.3,7.42,17.21,1,0
1,2,yuzvendra chahal,13,13,49.0,401,21,4/25,19.09,8.15,14.04,1,0
2,3,shane watson,16,16,56.0,485,20,4/29,24.25,8.58,16.95,1,0
3,4,dhawal kulkarni,14,14,49.0,364,18,4/14,20.22,7.42,16.33,1,0
4,5,mitchell mcclenaghan,14,14,53.0,436,17,4/21,25.64,8.17,18.82,1,0
5,6,dwayne bravo,15,15,56.0,494,17,4/22,29.05,8.82,19.76,1,0
6,7,mustafizur rahman,16,16,61.0,421,17,3/16,24.76,6.9,21.52,0,0
7,8,jasprit bumrah,14,14,52.0,406,15,4/14,27.06,7.8,20.8,0,0
8,9,sandeep sharma,14,14,50.0,366,15,4/20,24.4,7.32,20.0,0,0
9,10,andre russell,12,12,36.0,291,15,5/15,19.4,7.97,14.6,1,0
10,11,barinder sran,14,14,49.0,413,14,3/28,29.5,8.34,21.21,0,0
11,12,axar patel,14,14,48.0,388,13,4/21,29.84,8.11,22.07,1,0
12,13,mohit sharma,14,14,48.0,407,13,4/14,31.3,8.39,22.38,0,0
13,14,chris morris,12,12,44.0,308,13,4/23,23.69,7.0,20.3,0,0
14,15,amit mishra,14,14,46.0,344,13,5/17,26.46,7.47,21.23,1,0
15,16,adam zampa,5,5,17.0,115,12,6/19,9.58,6.76,8.5,0,1
16,17,moises henriques,17,17,52.0,415,12,3/12,34.58,7.98,26.0,0,0
17,18,sreenath aravind,9,9,29.0,216,11,4/14,19.63,7.4,15.9,0,0
18,19,sunil narine,11,11,43.0,304,11,5/19,27.63,7.09,23.36,0,0
19,20,ashok dinda,9,9,30.0,231,11,4/18,21.0,7.57,16.63,0,0
20,21,piyush chawla,12,11,35.0,273,11,4/17,24.81,7.72,19.27,0,0
21,22,chris jordan,9,9,28.0,258,11,4/11,23.45,9.21,15.27,1,0
22,23,zaheer khan,12,12,43.0,337,10,4/17,33.7,7.71,26.2,0,0
23,24,morne morkel,10,10,35.0,297,10,4/20,29.7,8.36,21.3,0,0
24,25,umesh yadav,9,9,26.0,234,10,4/24,23.4,9.0,15.6,0,0
25,26,ravichandran ashwin,14,14,44.0,319,10,4/34,31.9,7.25,26.4,1,0
26,27,tim southee,11,11,43.0,329,9,3/24,36.55,7.65,28.66,0,0
27,28,thisara perera,12,11,33.0,326,9,3/20,36.22,9.82,22.11,0,0
28,29,praveen kumar,16,16,51.0,401,9,3/18,44.55,7.78,34.33,0,0
29,30,ashish nehra,8,8,26.0,199,9,4/10,22.11,7.65,17.33,0,0
30,31,harbhajan singh,14,14,49.0,392,9,5/18,43.55,8.0,32.66,0,0
31,32,dwayne smith,12,8,18.0,153,8,4/8,19.12,8.5,13.5,1,0
32,33,ravindra jadeja,15,14,40.0,311,8,5/16,38.87,7.74,30.12,0,0
33,34,marcus stoinis,7,7,23.0,194,8,4/15,24.25,8.43,17.25,1,0
34,35,kane richardson,4,4,14.0,136,7,3/13,19.42,9.71,12.0,0,0
35,36,carlos brathwaite,8,8,23.0,185,7,3/43,26.42,7.98,19.85,0,0
36,37,murugan ashwin,10,10,28.0,241,7,3/21,34.42,8.45,24.42,0,0
37,38,shivil kaushik,7,7,23.0,192,6,3/20,32.0,8.34,23.0,0,0
38,39,krunal pandya,12,11,31.0,236,6,3/14,39.33,7.57,31.16,0,0
39,40,kuldeep yadav,3,3,12.0,100,6,4/20,16.66,8.33,12.0,0,0
40,41,iqbal abdulla,8,8,25.0,213,6,3/24,35.5,8.52,25.0,0,0
41,42,rajat bhatia,10,10,34.0,244,6,4/15,40.66,7.17,34.0,0,0
42,43,pravin tambe,7,7,16.0,143,5,4/20,28.6,8.93,19.2,0,0
43,44,shakib al hasan,10,9,31.0,243,5,3/17,48.6,7.83,37.2,0,0
44,45,ben cutting,4,4,11.0,80,5,2/20,16.0,7.16,13.4,0,0
45,46,imran tahir,4,4,16.0,138,5,4/12,27.6,8.62,19.2,0,0
46,47,mohammad shami,8,8,25.0,244,5,3/15,48.8,9.69,30.2,0,0
47,48,brad hogg,5,5,16.0,142,4,4/29,35.5,8.87,24.0,0,0
48,49,mitchell marsh,3,3,9.0,45,4,4/25,11.25,5.0,13.5,0,0
49,50,bipul sharma,7,6,14.0,121,3,2/13,40.33,8.64,28.0,0,0
50,51,vinay kumar,3,3,9.0,64,3,4/40,21.33,7.11,18.0,0,0
51,52,rp singh,4,4,12.0,111,3,4/22,37.0,9.25,24.0,0,0
52,53,ankit rajpoot,4,4,11.0,98,3,5/14,32.66,8.9,22.0,0,0
53,54,tabraiz shamsi,4,4,16.0,147,3,1/21,49.0,9.18,32.0,0,0
54,55,pradeep sahu,5,5,17.0,146,3,2/18,48.66,8.34,35.0,0,0
55,56,nathan coulter-nile,4,4,15.0,114,3,4/14,38.0,7.6,30.0,0,0
56,57,hardik pandya,11,10,16.0,153,3,3/20,51.0,9.18,33.33,0,0
57,58,ishant sharma,4,4,15.0,148,3,5/12,49.33,9.86,30.0,0,0
58,59,deepak hooda,17,6,13.0,97,3,2/16,32.33,7.46,26.0,0,0
59,60,kc cariappa,5,5,17.0,159,3,2/16,53.0,9.35,34.0,0,0
60,61,scott boland,2,2,7.0,54,2,2/31,27.0,7.71,21.0,0,0
61,62,james faulkner,7,7,17.0,167,2,5/16,83.5,9.82,51.0,0,0
62,63,jason holder,4,4,13.0,103,2,4/52,51.5,7.92,39.0,0,0
63,64,jayant yadav,5,5,17.0,125,2,1/23,62.5,7.35,51.0,0,0
64,65,john hastings,2,2,6.0,37,2,2/6,18.5,5.55,20.0,0,0
65,66,varun aaron,8,8,23.0,227,2,3/16,113.5,9.59,71.0,0,0
66,67,jp duminy,10,5,7.0,55,2,4/17,27.5,7.85,21.0,0,0
67,68,shahbaz nadeem,4,4,15.0,127,2,3/16,63.5,8.46,45.0,0,0
68,69,shadab jakati,6,6,20.0,178,2,4/22,89.0,8.9,60.0,0,0
69,70,sachin baby,11,2,1.0,8,2,2/4,4.0,4.8,5.0,0,0
70,71,kyle abbott,5,5,16.0,177,2,1/38,88.5,11.06,48.0,0,0
71,72,rishi dhawan,2,2,7.0,56,2,2/14,28.0,8.0,21.0,0,0
72,73,mitchell johnson,3,3,11.0,106,2,3/26,53.0,9.63,33.0,0,0
73,74,gurkeerat mann singh,7,3,4.0,31,2,2/15,15.5,7.75,12.0,0,0
74,75,chris gayle,10,4,10.0,63,2,3/21,31.5,6.3,30.0,0,0
75,76,albie morkel,2,2,5.0,66,2,4/32,33.0,13.2,15.0,0,0
76,77,yusuf pathan,15,4,6.0,33,1,3/20,33.0,5.5,36.0,0,0
77,78,trent boult,1,1,4.0,39,1,4/18,39.0,9.75,24.0,0,0
78,79,adam milne,1,1,4.0,43,1,2/21,43.0,10.75,24.0,0,0
79,80,ankit sharma,3,3,11.0,84,1,2/20,84.0,7.63,66.0,0,0
80,81,stuart binny,14,11,17.0,134,1,2/14,134.0,7.88,102.0,0,0
81,82,ashish reddy,4,2,4.0,39,1,3/25,39.0,10.17,23.0,0,0
82,83,rajagopal sathish,4,3,6.0,59,1,1/11,59.0,9.83,36.0,0,0
83,84,pawan negi,8,5,9.0,84,1,4/18,84.0,9.33,54.0,0,0
84,85,parveez rasool,4,4,14.0,129,1,1/20,129.0,9.21,84.0,0,0
85,86,harshal patel,5,5,14.0,147,1,5/27,147.0,10.5,84.0,0,0
86,1,bhuvneshwar kumar,14,14,52.0,369,26,5/19,14.19,7.05,12.07,0,1
87,2,jaydev unadkat,12,12,46.0,322,24,5/25,13.41,7.02,11.45,0,1
88,3,jasprit bumrah,16,16,59.0,439,20,4/14,21.95,7.39,17.8,0,0
89,4,mitchell mcclenaghan,14,14,54.0,507,19,4/21,26.68,9.38,17.05,0,0
90,5,imran tahir,12,12,47.0,369,18,4/12,20.5,7.85,15.66,0,0
91,6,chris woakes,13,13,44.0,386,17,3/36,22.7,8.77,15.52,0,0
92,7,rashid khan,14,14,54.0,358,17,3/19,21.05,6.62,19.05,0,0
93,8,sandeep sharma,13,13,48.0,398,17,4/20,23.41,8.29,16.94,1,0
94,9,umesh yadav,14,14,48.0,410,17,4/24,24.11,8.45,17.11,1,0
95,10,siddarth kaul,10,10,35.0,300,16,4/29,18.75,8.41,13.37,1,0
96,11,pawan negi,12,12,32.0,197,16,4/18,12.31,6.12,12.06,0,0
97,12,axar patel,14,14,48.0,362,15,4/21,24.13,7.54,19.2,0,0
98,13,nathan coulter-nile,8,8,28.0,228,15,4/14,15.2,8.04,11.33,0,0
99,14,pat cummins,12,12,46.0,373,15,4/34,24.86,8.07,18.46,0,0
100,15,yuzvendra chahal,13,13,43.0,333,14,4/25,23.78,7.65,18.64,0,0
101,16,mohit sharma,14,14,45.0,410,13,4/14,31.53,8.97,21.07,0,0
102,17,karn sharma,9,9,30.0,214,13,4/16,16.46,6.97,14.15,1,0
103,18,kuldeep yadav,12,11,41.0,340,12,4/20,28.33,8.29,20.5,0,0
104,19,chris morris,9,9,31.0,240,12,4/23,20.0,7.74,15.5,1,0
105,20,ben stokes,12,12,44.0,316,12,3/15,26.33,7.18,22.0,0,0
106,21,andrew tye,6,6,21.0,141,12,5/17,11.75,6.71,10.5,0,1
107,22,shardul thakur,12,12,38.0,315,11,3/19,28.63,8.25,20.81,0,0
108,23,dan christian,13,13,40.0,298,11,2/10,27.09,7.45,21.81,0,0
109,24,basil thampi,12,12,44.0,424,11,3/29,38.54,9.49,24.36,0,0
110,25,lasith malinga,12,12,45.0,382,11,5/13,34.72,8.52,24.45,0,0
111,26,zaheer khan,11,11,40.0,313,10,4/17,31.3,7.79,24.1,0,0
112,27,sunil narine,16,15,59.0,412,10,5/19,41.2,6.98,35.4,0,0
113,28,mohammed siraj,6,6,23.0,212,10,4/32,21.2,9.21,13.8,1,0
114,29,amit mishra,14,14,39.0,343,10,5/17,34.3,8.83,23.3,0,0
115,30,krunal pandya,13,13,40.0,273,10,3/14,27.3,6.82,24.0,0,0
116,31,samuel badree,7,7,25.0,188,9,4/9,20.88,7.52,16.66,1,0
117,32,washington sundar,11,10,30.0,185,8,3/16,23.12,6.16,22.5,0,0
118,33,harbhajan singh,11,11,41.0,266,8,5/18,33.25,6.48,30.75,0,0
119,34,ashish nehra,6,6,21.0,197,8,4/10,24.62,9.3,15.87,0,0
120,35,varun aaron,6,6,20.0,163,7,3/16,23.28,8.15,17.14,0,0
121,36,mitchell johnson,5,5,20.0,141,7,3/26,20.14,7.05,17.14,0,0
122,37,adam zampa,6,6,20.0,163,7,6/19,23.28,8.21,17.0,0,0
123,38,glenn maxwell,14,8,19.0,125,7,2/15,17.85,6.57,16.28,0,0
124,39,james faulkner,8,8,26.0,258,6,5/16,43.0,9.79,26.33,0,0
125,40,shahbaz nadeem,7,7,18.0,119,6,3/16,19.83,6.67,17.83,0,0
126,41,praveen kumar,6,6,16.0,151,6,3/18,25.16,9.15,16.5,0,0
127,42,piyush chawla,6,6,20.0,179,6,4/17,29.83,8.95,20.0,0,0
128,43,kagiso rabada,6,6,21.0,188,6,4/21,31.33,8.81,21.33,0,0
129,44,hardik pandya,17,13,26.0,213,6,3/20,35.5,8.19,26.0,0,0
130,45,aniket choudhary,5,5,17.0,144,5,2/17,28.8,8.55,20.2,0,0
131,46,pradeep sangwan,5,5,18.0,181,5,3/18,36.2,10.05,21.6,0,0
132,47,tymal mills,5,5,18.0,153,5,2/31,30.6,8.57,21.4,0,0
133,48,mohammad shami,8,8,26.0,243,5,3/15,48.6,9.34,31.2,0,0
134,49,trent boult,6,6,24.0,216,5,4/18,43.2,9.06,28.6,0,0
135,50,ravindra jadeja,12,12,38.0,349,5,5/16,69.8,9.18,45.6,0,0
136,51,sreenath aravind,10,10,30.0,275,5,4/14,55.0,9.01,36.6,0,0
137,52,shane watson,8,8,27.0,245,5,4/29,49.0,9.13,32.2,0,0
138,53,stuart binny,8,4,6.0,50,4,2/14,12.5,8.33,9.0,0,0
139,54,colin de grandhomme,12,9,16.0,135,4,3/4,33.75,8.43,24.0,0,0
140,55,kc cariappa,4,4,15.0,127,4,2/16,31.75,8.46,22.5,0,0
141,56,ankit rajpoot,5,5,14.0,107,4,5/14,26.75,7.64,21.0,0,0
142,57,lockie ferguson,4,4,13.0,93,3,3/15,31.0,7.15,26.0,0,0
143,58,bipul sharma,7,7,16.0,129,3,2/13,43.0,7.89,32.66,0,0
144,59,tim southee,3,3,10.0,96,3,3/24,32.0,9.6,20.0,0,0
145,60,rahul tewatia,3,3,9.0,49,3,3/18,16.33,5.44,18.0,0,0
146,61,adam milne,4,4,14.0,134,3,2/21,44.66,9.57,28.0,0,0
147,62,harshal patel,1,1,4.0,43,3,5/27,14.33,10.75,8.0,0,0
148,63,corey anderson,11,8,19.0,186,3,2/18,62.0,9.87,37.66,0,0
149,64,dhawal kulkarni,6,6,19.0,173,3,4/14,57.66,9.18,37.66,0,0
150,65,iqbal abdulla,2,2,5.0,55,2,3/24,27.5,11.0,15.0,0,0
151,66,marcus stoinis,5,5,10.0,110,2,4/15,55.0,10.47,31.5,0,0
152,67,vinay kumar,1,1,3.0,31,2,4/40,15.5,10.33,9.0,0,0
153,68,ankit soni,7,6,18.0,144,2,1/16,72.0,7.92,54.5,0,0
154,69,mohammad nabi,3,3,11.0,58,2,4/11,29.0,5.27,33.0,0,0
155,70,dwayne smith,12,9,13.0,148,2,4/8,74.0,11.38,39.0,0,0
156,71,travis head,7,5,8.0,81,2,2/30,40.5,10.12,24.0,0,0
157,72,t natarajan,6,6,12.0,115,2,2/24,57.5,9.07,38.0,0,0
158,73,rahul chahar,3,2,7.0,58,2,4/27,29.0,8.28,21.0,0,0
159,74,rajat bhatia,3,3,7.0,55,2,4/15,27.5,7.85,21.0,0,0
160,75,billy stanlake,2,2,8.0,70,2,2/21,35.0,8.75,24.0,0,0
161,76,deepak hooda,10,3,4.0,42,2,2/16,21.0,10.5,12.0,0,0
162,77,nathu singh,2,2,4.0,15,1,1/7,15.0,3.75,24.0,0,0
163,78,matt henry,2,2,5.0,71,1,1/31,71.0,14.2,30.0,0,0
164,79,yuvraj singh,12,2,2.0,22,1,4/29,22.0,11.0,12.0,0,0
165,80,yusuf pathan,15,4,4.0,41,1,3/20,41.0,10.25,24.0,0,0
166,81,carlos brathwaite,2,2,6.0,67,1,3/43,67.0,11.16,36.0,0,0
167,82,deepak chahar,3,3,7.0,74,1,4/13,74.0,10.57,42.0,0,0
168,83,ashok dinda,3,3,10.0,119,1,4/18,119.0,11.9,60.0,0,0
169,84,munaf patel,2,2,7.0,57,1,5/21,57.0,8.14,42.0,0,0
170,85,shubham agarwal,1,1,4.0,42,1,1/42,42.0,10.5,24.0,0,0
171,86,ben cutting,4,4,12.0,123,1,2/20,123.0,9.71,76.0,0,0
172,87,swapnil singh,4,4,7.0,61,1,1/14,61.0,8.71,42.0,0,0
173,88,suresh raina,14,6,12.0,102,1,2/0,102.0,8.5,72.0,0,0
174,89,avesh khan,1,1,4.0,23,1,3/13,23.0,5.75,24.0,0,0
175,90,moises henriques,12,12,24.0,248,1,3/12,248.0,10.33,144.0,0,0
176,1,andrew tye,14,14,56.0,448,24,5/17,18.66,8.0,14.0,3,0
177,2,siddarth kaul,17,17,66.0,547,21,4/29,26.04,8.28,18.85,0,0
178,3,rashid khan,17,17,68.0,458,21,3/19,21.8,6.73,19.42,0,0
179,4,umesh yadav,14,14,53.0,418,20,4/24,20.9,7.86,15.95,0,0
180,5,hardik pandya,13,13,42.0,381,18,3/20,21.16,8.92,14.22,0,0
181,6,trent boult,14,14,52.0,466,18,4/18,25.88,8.84,17.55,0,0
182,7,jasprit bumrah,14,14,54.0,372,17,4/14,21.88,6.88,19.05,0,0
183,8,sunil narine,16,16,61.0,467,17,5/19,27.47,7.65,21.52,0,0
184,9,kuldeep yadav,16,16,51.0,418,17,4/20,24.58,8.14,18.11,1,0
185,10,shardul thakur,13,13,46.0,431,16,3/19,26.93,9.23,17.5,0,0
186,11,jofra archer,10,10,39.0,325,15,3/15,21.66,8.36,15.53,0,0
187,12,mayank markande,14,14,44.0,368,15,4/23,24.53,8.36,17.6,1,0
188,13,dwayne bravo,16,16,53.0,533,14,4/22,38.07,9.96,22.92,0,0
189,14,mitchell mcclenaghan,11,11,40.0,332,14,4/21,23.71,8.3,17.14,0,0
190,15,mujeeb ur rahman,11,11,41.0,289,14,3/27,20.64,6.99,17.71,0,0
191,16,piyush chawla,15,15,49.0,412,14,4/17,29.42,8.4,21.0,0,0
192,17,shakib al hasan,17,17,57.0,456,14,3/17,32.57,8.0,24.42,0,0
193,18,andre russell,16,15,38.0,355,13,5/15,27.3,9.38,17.46,0,0
194,19,sandeep sharma,12,12,44.0,333,12,4/20,27.75,7.56,22.0,0,0
195,20,krunal pandya,14,13,40.0,284,12,3/14,23.66,7.07,20.08,0,0
196,21,amit mishra,10,10,37.0,264,12,5/17,22.0,7.13,18.5,0,0
197,22,yuzvendra chahal,14,14,50.0,363,12,4/25,30.25,7.26,25.0,0,0
198,23,ankit rajpoot,8,8,26.0,223,11,5/14,20.27,8.52,14.27,0,1
199,24,mohammed siraj,11,11,41.0,367,11,4/32,33.36,8.95,22.36,0,0
200,25,lungi ngidi,7,7,26.0,156,11,4/10,14.18,6.0,14.18,1,0
201,26,krishnappa gowtham,15,15,40.0,312,11,2/12,28.36,7.8,21.81,0,0
202,27,ravindra jadeja,16,14,41.0,303,11,5/16,27.54,7.39,22.36,0,0
203,28,jaydev unadkat,15,15,50.0,486,11,5/25,44.18,9.65,27.45,0,0
204,29,shreyas gopal,11,10,31.0,236,11,4/16,21.45,7.61,16.9,1,0
205,30,deepak chahar,12,12,38.0,278,10,4/13,27.8,7.28,22.9,0,0
206,31,prasidh krishna,7,7,28.0,260,10,4/30,26.0,9.28,16.8,1,0
207,32,ravichandran ashwin,14,14,50.0,410,10,4/34,41.0,8.09,30.4,0,0
208,33,ben laughlin,7,7,21.0,211,9,2/15,23.44,10.04,14.0,0,0
209,34,bhuvneshwar kumar,12,12,46.0,354,9,5/19,39.33,7.66,30.77,0,0
210,35,chris woakes,5,5,18.0,190,8,3/36,23.75,10.36,13.75,0,0
211,36,ben stokes,13,12,37.0,303,8,3/15,37.87,8.18,27.75,0,0
212,37,harshal patel,5,5,17.0,167,7,5/27,23.85,9.54,15.0,0,0
213,38,mohit sharma,9,9,29.0,322,7,4/14,46.0,10.85,25.42,0,0
214,39,mustafizur rahman,7,7,27.0,230,7,3/16,32.85,8.36,23.57,0,0
215,40,harbhajan singh,13,12,32.0,270,7,5/18,38.57,8.48,27.28,0,0
216,41,imran tahir,6,6,20.0,188,6,4/12,31.33,9.09,20.66,0,0
217,42,tom curran,5,5,10.0,118,6,3/29,19.66,11.6,10.16,0,0
218,43,rahul tewatia,8,8,22.0,173,6,3/18,28.83,7.86,22.0,0,0
219,44,shane watson,15,11,28.0,251,6,4/29,41.83,8.96,28.0,0,0
220,45,tim southee,8,8,29.0,261,5,3/24,52.2,9.0,34.8,0,0
221,46,sandeep lamichhane,3,3,12.0,82,5,3/36,16.4,6.83,14.4,0,0
222,47,basil thampi,4,4,10.0,114,5,3/29,22.8,11.21,12.2,0,0
223,48,shivam mavi,9,9,28.0,270,5,4/21,54.0,9.64,33.6,0,0
224,49,billy stanlake,4,4,16.0,130,5,2/21,26.0,8.12,19.2,0,0
225,50,carlos brathwaite,4,4,10.0,94,5,3/43,18.8,9.24,12.2,0,0
226,51,glenn maxwell,12,10,16.0,132,5,2/15,26.4,8.25,19.2,0,0
227,52,ish sodhi,6,6,23.0,135,5,3/26,27.0,5.86,27.6,0,0
228,53,dhawal kulkarni,8,8,20.0,188,4,4/14,47.0,9.47,29.75,0,0
229,54,washington sundar,7,7,20.0,192,4,3/16,48.0,9.6,30.0,0,0
230,55,avesh khan,6,6,19.0,204,4,3/13,51.0,10.73,28.5,0,0
231,56,nitish rana,15,5,6.0,44,4,2/11,11.0,7.13,9.25,0,0
232,57,barinder sran,6,6,22.0,229,4,3/28,57.25,10.4,33.0,0,0
233,58,dan christian,4,4,12.0,101,4,2/10,25.25,8.53,17.75,0,0
234,59,liam plunkett,7,7,25.0,225,4,3/17,56.25,9.0,37.5,0,0
235,60,karn sharma,6,5,9.0,89,4,4/16,22.25,9.36,14.25,0,0
236,61,shahbaz nadeem,6,6,15.0,161,3,3/16,53.66,10.73,30.0,0,0
237,62,axar patel,9,8,26.0,218,3,4/21,72.66,8.38,52.0,0,0
238,63,mohammad shami,4,4,14.0,144,3,3/15,48.0,10.4,27.66,0,0
239,64,corey anderson,3,3,8.0,115,3,2/18,38.33,13.26,17.33,0,0
240,65,km asif,2,2,6.0,75,3,2/43,25.0,12.5,12.0,0,0
241,66,moeen ali,5,5,13.0,97,3,3/7,32.33,7.36,26.33,0,0
242,67,murugan ashwin,2,2,7.0,53,3,3/21,17.66,7.57,14.0,0,0
243,68,marcus stoinis,7,6,11.0,120,3,4/15,40.0,10.9,22.0,0,0
244,69,chris morris,4,4,14.0,143,3,4/23,47.66,10.21,28.0,0,0
245,70,colin de grandhomme,9,7,15.0,129,2,3/4,64.5,8.6,45.0,0,0
246,71,vinay kumar,2,2,4.0,65,2,4/40,32.5,16.95,11.5,0,0
247,72,david willey,3,3,10.0,95,2,1/24,47.5,9.5,30.0,0,0
248,73,mitchell johnson,6,6,21.0,216,2,3/26,108.0,10.28,63.0,0,0
249,74,kulwant khejroliya,3,3,11.0,107,2,2/33,53.5,9.87,32.5,0,0
250,75,javon searles,4,3,7.0,89,2,1/24,44.5,12.71,21.0,0,0
251,76,ben cutting,9,7,17.0,168,2,2/20,84.0,9.88,51.0,0,0
252,77,pawan negi,2,2,4.0,49,1,4/18,49.0,12.25,24.0,0,0
253,78,d'arcy short,7,2,3.0,19,1,1/10,19.0,6.33,18.0,0,0
254,79,anureet singh,3,3,4.0,42,1,3/23,42.0,10.5,24.0,0,0
255,80,vijay shankar,13,4,5.0,58,1,2/19,58.0,11.6,30.0,0,0
256,81,yusuf pathan,15,1,2.0,14,1,3/20,14.0,7.0,12.0,0,0
257,82,mohammad nabi,2,2,5.0,47,1,4/11,47.0,9.4,30.0,0,0
258,1,imran tahir,17,17,64.0,431,26,4/12,16.57,6.69,14.84,2,0
259,2,kagiso rabada,12,12,47.0,368,25,4/21,14.72,7.82,11.28,2,0
260,3,deepak chahar,17,17,64.0,482,22,4/13,21.9,7.47,17.59,0,0
261,4,shreyas gopal,14,14,48.0,347,20,4/16,17.35,7.22,14.4,0,0
262,5,mohammad shami,14,14,54.0,469,19,3/15,24.68,8.68,17.05,0,0
263,6,khaleel ahmed,9,9,35.0,287,19,3/21,15.1,8.23,11.0,0,0
264,7,jasprit bumrah,16,16,61.0,409,19,4/14,21.52,6.63,19.47,0,0
265,8,yuzvendra chahal,14,14,49.0,386,18,4/25,21.44,7.82,16.44,1,0
266,9,rashid khan,15,15,60.0,377,17,3/19,22.17,6.28,21.17,0,0
267,10,lasith malinga,12,12,45.0,438,16,5/13,27.37,9.76,16.81,2,0
268,11,harbhajan singh,11,11,44.0,312,16,5/18,19.5,7.09,16.5,0,0
269,12,ravichandran ashwin,14,14,55.0,400,15,4/34,26.66,7.27,22.0,0,0
270,13,ravindra jadeja,16,16,54.0,343,15,5/16,22.86,6.35,21.6,0,0
271,14,hardik pandya,16,16,42.0,390,14,3/20,27.85,9.17,18.21,0,0
272,15,chris morris,9,9,33.0,306,13,4/23,23.53,9.27,15.23,0,0
273,16,rahul chahar,13,13,47.0,308,13,4/27,23.69,6.55,21.69,0,0
274,17,ishant sharma,13,13,46.0,349,13,5/12,26.84,7.58,21.23,0,0
275,18,bhuvneshwar kumar,15,15,59.0,461,13,5/19,35.46,7.81,27.23,0,0
276,19,krunal pandya,16,16,46.0,335,12,3/14,27.91,7.28,23.0,0,0
277,20,sandeep sharma,11,11,42.0,352,12,4/20,29.33,8.25,21.33,0,0
278,21,dwayne bravo,12,12,41.0,330,11,4/22,30.0,8.01,22.45,0,0
279,22,amit mishra,11,11,40.0,270,11,5/17,24.54,6.75,21.81,0,0
280,23,andre russell,14,12,30.0,287,11,5/15,26.09,9.51,16.45,0,0
281,24,navdeep saini,13,13,48.0,397,11,2/24,36.09,8.27,26.18,0,0
282,25,jofra archer,11,11,43.0,291,11,3/15,26.45,6.76,23.45,0,0
283,26,sam curran,9,9,33.0,323,10,4/11,32.3,9.78,19.8,1,0
284,27,axar patel,14,14,51.0,364,10,4/21,36.4,7.13,30.6,0,0
285,28,piyush chawla,13,13,44.0,399,10,4/17,39.9,8.96,26.7,0,0
286,29,sunil narine,12,12,44.0,347,10,5/19,34.7,7.82,26.6,0,0
287,30,jaydev unadkat,11,11,37.0,398,10,5/25,39.8,10.66,22.4,0,0
288,31,keemo paul,8,8,27.0,237,9,3/17,26.33,8.72,18.11,0,0
289,32,shardul thakur,10,9,30.0,281,8,3/19,35.12,9.36,22.5,0,0
290,33,mohammad nabi,8,8,29.0,194,8,4/11,24.25,6.65,21.87,1,0
291,34,umesh yadav,11,11,38.0,371,8,4/24,46.37,9.8,28.37,0,0
292,35,sandeep lamichhane,6,6,23.0,210,8,3/36,26.25,9.13,17.25,0,0
293,36,mohammed siraj,9,9,28.0,269,7,4/32,38.42,9.55,24.14,0,0
294,37,harry gurney,8,8,27.0,238,7,2/25,34.0,8.81,23.14,0,0
295,38,hardus viljoen,6,6,23.0,222,7,2/39,31.71,9.65,19.71,0,0
296,39,siddarth kaul,7,7,27.0,242,6,4/29,40.33,8.96,27.0,0,0
297,40,moeen ali,11,9,25.0,169,6,3/7,28.16,6.76,25.0,0,0
298,41,alzarri joseph,3,3,8.0,87,6,6/12,14.5,10.03,8.66,0,1
299,42,dhawal kulkarni,10,10,35.0,335,6,4/14,55.83,9.57,35.0,0,0
300,43,ben stokes,9,6,17.0,189,6,3/15,31.5,11.22,16.83,0,0
301,44,jason behrendorff,5,5,19.0,165,5,2/22,33.0,8.68,22.8,0,0
302,45,trent boult,5,5,19.0,163,5,4/18,32.6,8.57,22.8,0,0
303,46,oshane thomas,4,4,10.0,79,5,2/6,15.8,7.9,12.0,0,0
304,47,murugan ashwin,10,10,34.0,255,5,3/21,51.0,7.5,40.8,0,0
305,48,washington sundar,3,3,9.0,74,4,3/16,18.5,8.22,13.5,0,0
306,49,dale steyn,2,2,8.0,69,4,3/11,17.25,8.62,12.0,0,0
307,50,ish sodhi,2,2,7.0,67,4,3/26,16.75,9.34,10.75,0,0
308,51,prasidh krishna,11,11,40.0,377,4,4/30,94.25,9.34,60.5,0,0
309,52,kuldeep yadav,9,9,33.0,286,4,4/20,71.5,8.66,49.5,0,0
310,53,mitchell santner,4,4,14.0,94,4,2/13,23.5,6.71,21.0,0,0
311,54,varun aaron,5,5,12.0,116,4,3/16,29.0,9.66,18.0,0,0
312,55,mujeeb ur rahman,5,5,19.0,191,3,3/27,63.66,10.05,38.0,0,0
313,56,arshdeep singh,3,3,10.0,109,3,5/32,36.33,10.9,20.0,0,0
314,57,nitish rana,14,6,8.0,72,3,2/11,24.0,9.0,16.0,0,0
315,58,ankit rajpoot,4,4,16.0,152,3,5/14,50.66,9.5,32.0,0,0
316,59,pawan negi,7,4,11.0,102,3,4/18,34.0,9.13,22.33,0,0
317,60,andrew tye,6,6,22.0,233,3,5/17,77.66,10.59,44.0,0,0
318,61,mitchell mcclenaghan,5,5,18.0,142,3,4/21,47.33,7.88,36.0,0,0
319,62,shakib al hasan,3,3,11.0,95,2,3/17,47.5,8.76,32.5,0,0
320,63,shahbaz nadeem,3,3,9.0,90,2,3/16,45.0,10.0,27.0,0,0
321,64,scott kuggeleijn,2,2,8.0,71,2,2/37,35.5,8.87,24.0,0,0
322,65,sandeep warrier,3,3,12.0,85,2,2/31,42.5,7.08,36.0,0,0
323,66,marcus stoinis,10,6,16.0,145,2,4/15,72.5,8.7,50.0,0,0
324,67,riyan parag,7,7,14.0,121,2,1/10,60.5,8.64,42.0,0,0
325,68,harshal patel,2,2,8.0,77,2,5/27,38.5,9.62,24.0,0,0
326,69,rahul tewatia,5,3,6.0,42,2,3/18,21.0,6.63,19.0,0,0
327,70,jagadeesha suchith,1,1,4.0,28,2,2/14,14.0,7.0,12.0,0,0
328,71,lockie ferguson,5,5,17.0,183,2,3/15,91.5,10.76,51.0,0,0
329,72,abhishek sharma,3,2,2.0,21,1,2/4,21.0,10.5,12.0,0,0
330,73,deepak hooda,11,2,2.0,21,1,2/16,21.0,10.5,12.0,0,0
331,74,vijay shankar,15,5,8.0,70,1,2/19,70.0,8.75,48.0,0,0
332,75,varun chakaravarthy,1,1,3.0,35,1,5/20,35.0,11.66,18.0,0,0
333,76,mayank markande,3,3,6.0,59,1,4/23,59.0,9.83,36.0,0,0
334,77,kulwant khejroliya,2,2,5.0,47,1,2/33,47.0,9.4,30.0,0,0
335,78,krishnappa gowtham,7,7,20.0,166,1,2/12,166.0,8.3,120.0,0,0
336,79,tim southee,3,3,9.0,118,1,3/24,118.0,13.11,54.0,0,0
337,80,karn sharma,1,1,3.0,33,1,4/16,33.0,11.64,17.0,0,0
338,81,stuart binny,8,5,7.0,44,1,2/14,44.0,6.28,42.0,0,0
339,82,anukul roy,1,1,2.0,11,1,1/11,11.0,5.5,12.0,0,0
340,83,mohit sharma,1,1,3.0,27,1,4/14,27.0,9.0,18.0,0,0
341,84,sherfane rutherford,7,6,7.0,59,1,1/6,59.0,8.63,41.0,0,0
342,85,ben cutting,3,1,2.0,27,1,2/20,27.0,13.5,12.0,0,0
343,86,jayant yadav,2,2,7.0,50,1,1/23,50.0,7.14,42.0,0,0
344,87,prithvi raj yarra,2,2,5.0,57,1,1/29,57.0,11.4,30.0,0,0
345,1,kagiso rabada,17,17,65.0,548,30,4/21,18.26,8.34,13.13,2,0
346,2,jasprit bumrah,15,15,60.0,404,27,4/14,14.96,6.73,13.33,2,0
347,3,trent boult,15,15,57.0,457,25,4/18,18.28,7.97,13.76,1,0
348,4,anrich nortje,16,16,61.0,512,22,3/33,23.27,8.39,16.63,0,0
349,5,yuzvendra chahal,15,15,57.0,405,21,4/25,19.28,7.08,16.33,0,0
350,6,mohammad shami,14,14,53.0,460,20,3/15,23.0,8.57,16.1,0,0
351,7,jofra archer,14,14,55.0,365,20,3/15,18.25,6.55,16.7,0,0
352,8,rashid khan,16,16,64.0,344,20,3/19,17.2,5.37,19.2,0,0
353,9,varun chakaravarthy,13,13,52.0,356,17,5/20,20.94,6.84,18.35,0,1
354,10,t natarajan,16,16,63.0,504,16,2/24,31.5,8.02,23.56,0,0
355,11,rahul chahar,15,15,53.0,433,15,4/27,28.86,8.16,21.2,0,0
356,12,jason holder,7,7,28.0,233,14,4/52,16.64,8.32,12.0,0,0
357,13,sandeep sharma,13,13,52.0,374,14,4/20,26.71,7.19,22.28,0,0
358,14,marcus stoinis,17,13,29.0,283,13,4/15,21.76,9.53,13.69,0,0
359,15,ravichandran ashwin,15,15,51.0,391,13,4/34,30.07,7.66,23.53,0,0
360,16,sam curran,14,13,42.0,344,13,4/11,26.46,8.19,19.38,0,0
361,17,pat cummins,14,14,52.0,409,12,4/34,34.08,7.86,26.0,1,0
362,18,ravi bishnoi,14,14,51.0,376,12,3/24,31.33,7.37,25.5,0,0
363,19,deepak chahar,14,14,52.0,396,12,4/13,33.0,7.61,26.0,0,0
364,20,mohammed siraj,9,9,27.0,236,11,4/32,21.45,8.68,14.81,0,0
365,21,james pattinson,10,10,35.0,320,11,2/19,29.09,9.01,19.36,0,0
366,22,chris morris,9,9,31.0,210,11,4/23,19.09,6.63,17.27,1,0
367,23,shreyas gopal,14,14,50.0,427,10,4/16,42.7,8.54,30.0,0,0
368,24,murugan ashwin,9,9,31.0,235,10,3/21,23.5,7.46,18.9,0,0
369,25,shardul thakur,9,9,32.0,275,10,3/19,27.5,8.5,19.4,0,0
370,26,rahul tewatia,14,14,46.0,326,10,3/18,32.6,7.08,27.6,0,0
371,27,lungi ngidi,4,4,16.0,167,9,4/10,18.55,10.43,10.66,0,0
372,28,kartik tyagi,10,10,38.0,367,9,2/29,40.77,9.61,25.44,0,0
373,29,arshdeep singh,8,8,25.0,218,9,5/32,24.22,8.77,16.55,0,0
374,30,axar patel,15,15,51.0,327,9,4/21,36.33,6.41,34.0,0,0
375,31,shivam mavi,8,8,26.0,212,9,4/21,23.55,8.15,17.33,0,0
376,32,chris jordan,9,9,31.0,304,9,4/11,33.77,9.65,21.0,0,0
377,33,khaleel ahmed,7,7,25.0,242,8,3/21,30.25,9.42,19.25,0,0
378,34,isuru udana,10,10,29.0,282,8,2/41,35.25,9.72,21.75,0,0
379,35,washington sundar,15,15,50.0,298,8,3/16,37.25,5.96,37.5,0,0
380,36,piyush chawla,7,7,21.0,191,6,4/17,31.83,9.09,21.0,0,0
381,37,navdeep saini,13,13,45.0,379,6,2/24,63.16,8.29,45.66,0,0
382,38,sheldon cottrell,6,6,20.0,176,6,2/17,29.33,8.8,20.0,0,0
383,39,lockie ferguson,5,5,20.0,148,6,3/15,24.66,7.46,19.83,0,0
384,40,ravindra jadeja,14,13,36.0,318,6,5/16,53.0,8.75,36.33,0,0
385,41,krunal pandya,16,16,50.0,380,6,3/14,63.33,7.57,50.16,0,0
386,42,dwayne bravo,6,6,21.0,180,6,4/22,30.0,8.57,21.0,0,0
387,43,andre russell,10,7,18.0,175,6,5/15,29.16,9.72,18.0,0,0
388,44,shahbaz nadeem,7,7,22.0,178,5,3/16,35.6,8.09,26.4,0,0
389,45,nathan coulter-nile,7,7,26.0,206,5,4/14,41.2,7.92,31.2,0,0
390,46,karn sharma,5,5,19.0,165,5,4/16,33.0,8.68,22.8,0,0
391,47,kamlesh nagarkoti,10,9,26.0,231,5,2/13,46.2,8.88,31.2,0,0
392,48,sunil narine,10,10,38.0,302,5,5/19,60.4,7.94,45.6,0,0
393,49,vijay shankar,7,5,13.0,82,4,2/19,20.5,6.22,19.75,0,0
394,50,shivam dube,11,5,9.0,73,4,2/15,18.25,8.11,13.5,0,0
395,51,kieron pollard,16,11,21.0,190,4,4/44,47.5,9.04,31.5,0,0
396,52,prasidh krishna,6,6,17.0,164,4,4/30,41.0,9.37,26.25,0,0
397,53,jaydev unadkat,7,7,23.0,228,4,5/25,57.0,9.91,34.5,0,0
398,54,bhuvneshwar kumar,4,4,14.0,99,3,5/19,33.0,6.98,28.33,0,0
399,55,glenn maxwell,13,7,21.0,169,3,2/15,56.33,8.04,42.0,0,0
400,56,harshal patel,5,5,15.0,134,3,5/27,44.66,8.93,30.0,0,0
401,57,tom curran,5,5,18.0,208,3,3/29,69.33,11.44,36.33,0,0
402,58,tushar deshpande,5,5,17.0,192,3,2/37,64.0,11.29,34.0,0,0
403,59,amit mishra,3,3,10.0,72,3,5/17,24.0,7.2,20.0,0,0
404,60,ankit rajpoot,6,6,17.0,199,2,5/14,99.5,11.7,51.0,0,0
405,61,siddarth kaul,1,1,4.0,64,2,4/29,32.0,16.0,12.0,0,0
406,62,ben stokes,8,6,15.0,154,2,3/15,77.0,10.26,45.0,0,0
407,63,adam zampa,3,3,11.0,92,2,6/19,46.0,8.36,33.0,0,0
408,64,abhishek sharma,8,6,10.0,91,2,2/4,45.5,9.1,30.0,0,0
409,65,shahbaz ahmed,2,2,6.0,44,2,3/7,22.0,7.33,18.0,0,0
410,66,jimmy neesham,5,5,15.0,148,2,3/12,74.0,9.86,45.0,0,0
411,67,mitchell santner,2,2,7.0,53,2,2/13,26.5,7.57,21.0,0,0
412,68,dale steyn,3,3,11.0,133,1,3/11,133.0,11.4,70.0,0,0
413,69,basil thampi,1,1,4.0,46,1,3/29,46.0,11.5,24.0,0,0
414,70,imran tahir,3,3,11.0,76,1,4/12,76.0,6.9,66.0,0,0
415,71,jayant yadav,2,2,7.0,43,1,1/23,43.0,6.14,42.0,0,0
416,72,andrew tye,1,1,4.0,50,1,5/17,50.0,12.5,24.0,0,0
417,73,josh hazlewood,3,3,10.0,64,1,3/24,64.0,6.4,60.0,0,0
418,74,mohit sharma,1,1,4.0,45,1,4/14,45.0,11.25,24.0,0,0
419,75,krishnappa gowtham,2,2,8.0,84,1,2/12,84.0,10.5,48.0,0,0
420,76,moeen ali,3,3,5.0,42,1,3/7,42.0,8.4,30.0,0,0
421,77,kuldeep yadav,5,4,12.0,92,1,4/20,92.0,7.66,72.0,0,0
422,78,abdul samad,12,3,7.0,96,1,1/41,96.0,13.71,42.0,0,0
423,1,harshal patel,15,15,56.0,459,32,5/27,14.34,8.14,10.56,1,1
424,2,avesh khan,16,16,61.0,450,24,3/13,18.75,7.37,15.25,0,0
425,3,jasprit bumrah,14,14,55.0,410,21,4/14,19.52,7.45,15.71,0,0
426,4,shardul thakur,16,16,60.0,527,21,3/19,25.09,8.8,17.09,0,0
427,5,mohammad shami,14,14,52.0,395,19,3/15,20.78,7.5,16.63,0,0
428,6,rashid khan,14,14,56.0,375,18,3/19,20.83,6.69,18.66,0,0
429,7,arshdeep singh,12,12,41.0,342,18,5/32,19.0,8.27,13.77,0,1
430,8,varun chakaravarthy,17,17,68.0,448,18,5/20,24.88,6.58,22.66,0,0
431,9,yuzvendra chahal,15,15,53.0,374,18,4/25,20.77,7.05,17.66,0,0
432,10,jason holder,8,8,32.0,247,16,4/52,15.43,7.75,11.93,1,0
433,11,sunil narine,14,14,56.0,361,16,5/19,22.56,6.44,21.0,1,0
434,12,chris morris,11,11,41.0,376,15,4/23,25.06,9.17,16.4,1,0
435,13,axar patel,12,12,46.0,306,15,4/21,20.4,6.65,18.4,0,0
436,14,kagiso rabada,15,15,56.0,456,15,4/21,30.4,8.14,22.4,0,0
437,15,chetan sakariya,14,14,52.0,426,14,3/31,30.42,8.19,22.28,0,0
438,16,deepak chahar,15,15,54.0,451,14,4/13,32.21,8.35,23.14,2,0
439,17,dwayne bravo,11,11,33.0,263,14,4/22,18.78,7.81,14.42,0,0
440,18,mustafizur rahman,14,14,52.0,436,14,3/16,31.14,8.41,22.21,0,0
441,19,ravindra jadeja,16,16,49.0,346,13,5/16,26.61,7.06,22.61,0,0
442,20,lockie ferguson,8,8,30.0,224,13,3/15,17.23,7.46,13.84,0,0
443,21,trent boult,14,14,51.0,406,13,4/18,31.23,7.9,23.69,0,0
444,22,rahul chahar,11,11,43.0,318,13,4/27,24.46,7.39,19.84,1,0
445,23,ravi bishnoi,9,9,35.0,222,12,3/24,18.5,6.34,17.5,0,0
446,24,anrich nortje,8,8,30.0,187,12,3/33,15.58,6.16,15.16,0,0
447,25,prasidh krishna,10,10,38.0,351,12,4/30,29.25,9.11,19.25,0,0
448,26,shivam mavi,9,9,32.0,233,11,4/21,21.18,7.24,17.54,1,0
449,27,josh hazlewood,9,9,35.0,293,11,3/24,26.63,8.37,19.09,0,0
450,28,mohammed siraj,15,15,52.0,353,11,4/32,32.09,6.78,28.36,0,0
451,29,andre russell,10,8,19.0,188,11,5/15,17.09,9.89,10.36,0,1
452,30,pat cummins,7,7,27.0,237,9,4/34,26.33,8.83,17.88,0,0
453,31,sam curran,9,9,33.0,328,9,4/11,36.44,9.93,22.0,0,0
454,32,kyle jamieson,9,9,28.0,269,9,3/41,29.88,9.6,18.66,0,0
455,33,rahul tewatia,14,13,37.0,340,8,3/18,42.5,9.18,27.75,0,0
456,34,siddarth kaul,8,8,30.0,247,7,4/29,35.28,8.23,25.71,0,0
457,35,nathan coulter-nile,5,5,20.0,127,7,4/14,18.14,6.35,17.14,1,0
458,36,ravichandran ashwin,13,13,44.0,331,7,4/34,47.28,7.41,38.28,0,0
459,37,shahbaz ahmed,11,6,14.0,92,7,3/7,13.14,6.57,12.0,0,0
460,38,amit mishra,4,4,14.0,109,6,5/17,18.16,7.78,14.0,1,0
461,39,bhuvneshwar kumar,11,11,42.0,335,6,5/19,55.83,7.97,42.0,0,0
462,40,moeen ali,15,10,25.0,161,6,3/7,26.83,6.35,25.33,0,0
463,41,lungi ngidi,3,3,12.0,125,5,4/10,25.0,10.41,14.4,0,0
464,42,chris woakes,3,3,11.0,82,5,3/36,16.4,7.45,13.2,0,0
465,43,krunal pandya,13,12,33.0,265,5,3/14,53.0,7.98,39.8,0,0
466,44,jimmy neesham,3,3,9.0,66,5,3/12,13.2,7.33,10.8,0,0
467,45,harpreet brar,7,7,23.0,139,5,3/19,27.8,6.04,27.6,0,0
468,46,kieron pollard,14,9,13.0,95,5,4/44,19.0,7.21,15.8,0,0
469,47,khaleel ahmed,7,7,27.0,219,5,3/21,43.8,8.11,32.4,0,0
470,48,abhishek sharma,8,6,10.0,64,4,2/4,16.0,6.4,15.0,0,0
471,49,lalit yadav,7,5,14.0,101,4,2/13,25.25,7.21,21.0,0,0
472,50,jaydev unadkat,6,6,22.0,168,4,5/25,42.0,7.63,33.0,0,0
473,51,tom curran,3,3,11.0,104,4,3/29,26.0,9.17,17.0,0,0
474,52,chris jordan,4,4,12.0,96,4,4/11,24.0,8.0,18.0,0,0
475,53,kartik tyagi,4,4,14.0,124,4,2/29,31.0,8.85,21.0,0,0
476,54,moises henriques,5,5,10.0,45,4,3/12,11.25,4.5,15.0,0,0
477,55,dan christian,9,9,16.0,155,4,2/10,38.75,9.3,25.0,0,0
478,56,riley meredith,5,5,17.0,169,4,1/29,42.25,9.94,25.5,0,0
479,57,shakib al hasan,8,8,26.0,187,4,3/17,46.75,7.19,39.0,0,0
480,58,washington sundar,6,6,16.0,118,3,3/16,39.33,7.37,32.0,0,0
481,59,venkatesh iyer,10,4,8.0,69,3,2/29,23.0,8.11,17.0,0,0
482,60,sandeep sharma,7,7,23.0,203,3,4/20,67.66,8.63,47.0,0,0
483,61,adam milne,4,4,14.0,131,3,2/21,43.66,9.35,28.0,0,0
484,62,tim southee,3,3,12.0,95,3,3/24,31.66,7.91,24.0,0,0
485,63,vijay shankar,7,5,11.0,100,3,2/19,33.33,9.09,22.0,0,0
486,64,jhye richardson,3,3,11.0,117,3,2/41,39.0,10.63,22.0,0,0
487,65,glenn maxwell,15,6,16.0,135,3,2/15,45.0,8.43,32.0,0,0
488,66,george garton,5,5,15.0,135,3,1/27,45.0,9.0,30.0,0,0
489,67,t natarajan,2,2,8.0,69,2,2/24,34.5,8.62,24.0,0,0
490,68,jayant yadav,5,5,17.0,130,2,1/23,65.0,7.64,51.0,0,0
491,69,imran tahir,1,1,4.0,16,2,4/12,8.0,4.0,12.0,0,0
492,70,umran malik,3,3,12.0,96,2,1/21,48.0,8.0,36.0,0,0
493,71,marco jansen,2,2,6.0,45,2,2/28,22.5,7.5,18.0,0,0
494,72,marcus stoinis,10,8,11.0,117,2,4/15,58.5,10.47,33.5,0,0
495,73,mohammad nabi,3,3,8.0,86,2,4/11,43.0,10.75,24.0,0,0
496,74,mujeeb ur rahman,1,1,4.0,29,2,3/27,14.5,7.25,12.0,0,0
497,75,deepak hooda,12,7,16.0,136,2,2/16,68.0,8.5,48.0,0,0
498,76,fabian allen,4,3,11.0,90,1,1/22,90.0,8.18,66.0,0,0
499,77,glenn phillips,3,2,2.0,20,1,1/17,20.0,10.0,12.0,0,0
500,78,piyush chawla,1,1,4.0,38,1,4/17,38.0,9.5,24.0,0,0
501,79,ishan porel,1,1,4.0,39,1,1/39,39.0,9.75,24.0,0,0
502,80,daniel sams,2,2,6.0,39,1,1/24,39.0,6.5,36.0,0,0
503,81,ishant sharma,3,3,12.0,97,1,5/12,97.0,8.08,72.0,0,0
504,82,kane richardson,1,1,3.0,29,1,3/13,29.0,9.66,18.0,0,0
505,83,km asif,1,1,2.0,18,1,2/43,18.0,8.3,13.0,0,0
506,84,shahbaz nadeem,1,1,4.0,36,1,3/16,36.0,9.0,24.0,0,0
507,85,lukman meriwala,1,1,3.0,32,1,1/32,32.0,10.66,18.0,0,0
508,86,mahipal lomror,4,4,7.0,47,1,1/22,47.0,6.71,42.0,0,0
509,87,riyan parag,11,6,6.0,73,1,1/10,73.0,11.83,37.0,0,0
510,88,murugan ashwin,3,3,11.0,97,1,3/21,97.0,8.81,66.0,0,0
511,89,nathan ellis,3,3,12.0,98,1,1/20,98.0,8.16,72.0,0,0
512,1,yuzvendra chahal,17,17,68.0,527,27,40/5,19.51,7.75,15.11,1,1
513,2,wanindu hasaranga,16,16,57.0,430,26,18/5,16.53,7.54,13.15,1,1
514,3,kagiso rabada,13,13,48.0,406,23,33/4,17.65,8.45,12.52,2,0
515,4,umran malik,14,14,49.1,444,22,25/5,20.18,9.03,13.4,1,1
516,5,kuldeep yadav,14,14,49.4,419,21,14/4,19.95,8.43,14.19,2,0
517,6,mohammad shami,16,16,61.0,488,20,25/3,24.4,8.0,18.3,0,0
518,7,josh hazlewood,12,12,46.3,377,20,25/4,18.85,8.1,13.95,1,0
519,8,rashid khan,16,16,63.5,421,19,24/4,22.15,6.59,20.15,1,0
520,9,harshal patel,15,15,53.3,410,19,34/4,21.57,7.66,16.89,1,0
521,10,prasidh krishna,17,17,66.3,551,19,22/3,29.0,8.28,21.0,0,0
522,11,avesh khan,13,13,47.4,416,18,24/4,23.11,8.72,15.88,1,0
523,12,t natarajan,11,11,43.0,406,18,10/3,22.55,9.44,14.33,0,0
524,13,andre russell,14,13,28.1,278,17,5/4,16.35,9.86,9.94,1,0
525,14,umesh yadav,12,12,48.0,339,16,23/4,21.18,7.06,18.0,1,0
526,15,trent boult,16,16,62.0,492,16,18/2,30.75,7.93,23.25,0,0
527,16,khaleel ahmed,10,10,39.1,315,16,25/3,19.68,8.04,14.68,0,0
528,17,dwayne bravo,10,10,34.2,299,16,20/3,18.68,8.7,12.87,0,0
529,18,mukesh choudhary,13,13,45.3,424,16,46/4,26.5,9.31,17.06,1,0
530,19,jasprit bumrah,14,14,53.2,383,15,10/5,25.53,7.18,21.33,0,1
531,20,shardul thakur,14,14,48.2,473,15,36/4,31.53,9.78,19.33,1,0
532,21,mohsin khan,9,9,33.0,197,14,16/4,14.07,5.96,14.14,1,0
533,22,rahul chahar,13,13,46.4,360,14,25/3,25.71,7.71,20.0,0,0
534,23,tim southee,9,9,35.0,275,14,20/3,19.64,7.85,15.0,0,0
535,24,jason holder,12,12,41.3,391,14,31/3,27.92,9.42,17.78,0,0
536,25,ravi bishnoi,14,14,54.0,456,13,22/2,35.07,8.44,24.92,0,0
537,26,daniel sams,11,11,42.0,370,13,30/4,28.46,8.8,19.38,1,0
538,27,bhuvneshwar kumar,14,14,52.1,383,12,22/3,31.91,7.34,26.08,0,0
539,28,maheesh theekshana,9,9,35.0,261,12,33/4,21.75,7.45,17.5,1,0
540,29,ravichandran ashwin,17,17,67.0,503,12,17/3,41.91,7.5,33.5,0,0
541,30,lockie ferguson,13,13,47.4,427,12,28/4,35.58,8.95,23.83,1,0
542,31,obed mccoy,7,7,25.5,237,11,23/3,21.54,9.17,14.09,0,0
543,32,yash dayal,9,9,32.0,296,11,40/3,26.9,9.25,17.45,0,0
544,33,krunal pandya,14,12,38.0,265,10,19/3,26.5,6.97,22.8,0,0
545,34,arshdeep singh,14,14,50.0,385,10,37/3,38.5,7.7,30.0,0,0
546,35,sunil narine,14,14,56.0,312,9,21/2,34.66,5.57,37.33,0,0
547,36,murugan ashwin,8,8,29.0,228,9,14/2,25.33,7.86,19.33,0,0
548,37,dushmantha chameera,12,12,44.0,384,9,17/2,42.66,8.72,29.33,0,0
549,38,anrich nortje,6,6,22.2,217,9,42/3,24.11,9.71,14.88,0,0
550,39,mohammed siraj,15,15,51.0,514,9,30/2,57.11,10.07,34.0,0,0
551,40,moeen ali,10,10,23.5,158,8,13/3,19.75,6.62,17.87,0,0
552,41,hardik pandya,15,10,30.3,222,8,17/3,27.75,7.27,22.87,0,0
553,42,mustafizur rahman,8,8,32.0,244,8,18/3,30.5,7.62,24.0,0,0
554,43,riley meredith,8,8,28.0,236,8,24/2,29.5,8.42,21.0,0,0
555,44,kuldeep sen,7,7,25.1,237,8,20/4,29.62,9.41,18.87,1,0
556,45,jagadeesha suchith,5,5,18.0,140,7,12/2,20.0,7.77,15.42,0,0
557,46,marco jansen,8,8,32.0,274,7,25/3,39.14,8.56,27.42,0,0
558,47,alzarri joseph,9,9,30.0,264,7,34/2,37.71,8.8,25.71,0,0
559,48,pat cummins,5,5,19.5,212,7,22/3,30.28,10.68,17.0,0,0
560,49,glenn maxwell,13,10,24.0,165,6,22/2,27.5,6.87,24.0,0,0
561,50,axar patel,13,13,43.0,321,6,10/2,53.5,7.46,43.0,0,0
562,51,sai kishore,5,5,16.0,121,6,7/2,20.16,7.56,16.0,0,0
563,52,rishi dhawan,6,6,19.0,156,6,36/2,26.0,8.21,19.0,0,0
564,53,varun chakaravarthy,11,11,39.0,332,6,22/1,55.33,8.51,39.0,0,0
565,54,washington sundar,9,8,28.0,239,6,21/2,39.83,8.53,28.0,0,0
566,55,liam livingstone,14,12,23.0,202,6,27/3,33.66,8.78,23.0,0,0
567,56,ramandeep singh,5,3,6.0,54,6,20/3,9.0,9.0,6.0,0,0
568,57,jaydev unadkat,5,5,20.0,190,6,32/2,31.66,9.5,20.0,0,0
569,58,dwaine pretorius,6,6,21.0,210,6,30/2,35.0,10.0,21.0,0,0
570,59,tymal mills,5,5,17.0,190,6,35/3,31.66,11.17,17.0,0,0
571,60,odean smith,6,6,15.0,178,6,30/4,29.66,11.86,15.0,1,0
572,61,ravindra jadeja,10,10,33.0,248,5,39/3,49.6,7.51,39.6,0,0
573,62,kumar kartikeya singh,4,4,13.0,102,5,22/2,20.4,7.84,15.6,0,0
574,63,krishnappa gowtham,4,4,12.0,99,5,30/2,19.8,8.25,14.4,0,0
575,64,basil thampi,5,5,16.0,152,5,35/3,30.4,9.5,19.2,0,0
576,65,shivam mavi,6,6,22.0,227,5,33/1,45.4,10.31,26.4,0,0
577,66,akash deep,5,5,18.5,205,5,45/3,41.0,10.88,22.6,0,0
578,67,mitchell santner,6,6,19.0,130,4,15/1,32.5,6.84,28.5,0,0
579,68,simarjeet singh,6,6,18.0,138,4,27/2,34.5,7.66,27.0,0,0
580,69,lalit yadav,12,8,18.0,150,4,11/2,37.5,8.33,27.0,0,0
581,70,mitchell marsh,8,4,12.0,102,4,25/2,25.5,8.5,18.0,0,0
582,71,kieron pollard,11,6,14.0,125,4,8/2,31.25,8.92,21.0,0,0
583,72,harpreet brar,5,5,16.0,146,4,26/3,36.5,9.12,24.0,0,0
584,73,shahbaz ahmed,16,14,35.0,336,4,26/2,84.0,9.6,52.5,0,0
585,74,marcus stoinis,11,5,7.0,79,4,23/3,19.75,11.28,10.5,0,0
586,75,pradeep sangwan,3,3,9.0,65,3,19/2,21.66,7.22,18.0,0,0
587,76,chetan sakariya,3,3,11.0,84,3,23/2,28.0,7.63,22.0,0,0
588,77,nathan ellis,2,2,6.0,55,3,40/3,18.33,9.16,12.0,0,0
589,78,vaibhav arora,5,5,17.5,164,3,21/2,54.66,9.19,35.66,0,0
590,79,romario shepherd,3,3,9.0,98,3,42/2,32.66,10.88,18.0,0,0
591,80,navdeep saini,2,2,6.0,72,3,36/2,24.0,12.0,12.0,0,0
592,81,ayush badoni,13,2,2.0,11,2,5/1,5.5,5.5,6.0,0,0
593,82,prashant solanki,2,2,6.0,38,2,20/2,19.0,6.33,18.0,0,0
594,83,matheesha pathirana,2,2,6.5,52,2,24/2,26.0,7.6,20.5,0,0
595,84,sandeep sharma,5,5,20.0,153,2,18/1,76.5,7.65,60.0,0,0
596,85,hrithik shokeen,5,5,15.0,127,2,47/2,63.5,8.46,45.0,0,0
597,86,fazalhaq farooqi,3,3,12.0,110,2,32/2,55.0,9.16,36.0,0,0
598,87,andrew tye,3,3,11.0,107,2,40/2,53.5,9.72,33.0,0,0
599,88,varun aaron,2,2,5.0,52,2,45/2,26.0,10.4,15.0,0,0
600,89,chris jordan,4,4,12.5,135,2,23/2,67.5,10.51,38.5,0,0
601,90,darshan nalkande,2,2,5.1,59,2,37/2,29.5,11.41,15.5,0,0
602,91,david willey,4,4,11.0,72,1,29/1,72.0,6.54,66.0,0,0
603,92,anukul roy,2,2,7.0,55,1,28/1,55.0,7.85,42.0,0,0
604,93,mayank markande,2,2,7.0,57,1,26/1,57.0,8.14,42.0,0,0
605,94,tushar deshpande,2,2,7.0,63,1,40/1,63.0,9.0,42.0,0,0
606,95,kartik tyagi,2,2,8.0,79,1,42/1,79.0,9.87,48.0,0,0
607,96,harshit rana,2,2,5.0,51,1,24/1,51.0,10.2,30.0,0,0
608,97,aiden markram,14,4,6.0,64,1,8/1,64.0,10.66,36.0,0,0
609,98,deepak hooda,15,2,4.0,43,1,31/1,43.0,10.75,24.0,0,0
610,99,shreyas gopal,1,1,3.0,34,1,34/1,34.0,11.33,18.0,0,0
611,100,fabian allen,1,1,4.0,46,1,46/1,46.0,11.5,24.0,0,0
612,101,sean abbott,1,1,4.0,47,1,47/1,47.0,11.75,24.0,0,0
613,102,riyan parag,17,4,4.0,59,1,12/1,59.0,14.75,24.0,0,0
614,103,dewald brevis,7,1,0.3,8,1,8/1,8.0,16.0,3.0,0,0
